{
	"class_name" : "PinholeCameraParameters",
	"extrinsic" : 
	[
		-0.25304344067348694,
		-0.90836225769767087,
		0.33293696989447391,
		0.0,
		0.75765812991566539,
		-0.40006307697892857,
		-0.5156585038674808,
		0.0,
		0.60160051139009219,
		0.12176839995886535,
		0.78946138693835899,
		0.0,
		-0.56512218654077984,
		-0.23316886933022951,
		2.7929248757998355,
		1.0
	],
	"intrinsic" : 
	{
		"height" : 1055,
		"intrinsic_matrix" : 
		[
			913.65680099258282,
			0.0,
			0.0,
			0.0,
			913.65680099258282,
			0.0,
			959.5,
			527.0,
			1.0
		],
		"width" : 1920
	},
	"version_major" : 1,
	"version_minor" : 0
}