{
    "R": [
        [
            0.07541070458878951,
            -0.16218477631596587,
            0.9838746485019128
        ],
        [
            0.12432429135836522,
            0.980514408874011,
            0.1521018230288162
        ],
        [
            -0.9893718695271574,
            0.11084941281661857,
            0.09410478981724704
        ]
    ],
    "T": [
        [
            -3221.352499290285
        ],
        [
            -239.17093718886326
        ],
        [
            5148.128536539155
        ]
    ]
}