{
	"class_name" : "PinholeCameraParameters",
	"extrinsic" : 
	[
		0.91114349683897022,
		-0.072138514540677282,
		0.40572597019160384,
		0.0,
		-0.12655622784257392,
		-0.98596326471157791,
		0.10890345188994457,
		0.0,
		0.39217476890069336,
		-0.1505738202980566,
		-0.90748359504650911,
		0.0,
		-0.76744828414428623,
		1.0087157117438452,
		7.1255681066002072,
		1.0
	],
	"intrinsic" : 
	{
		"height" : 1055,
		"intrinsic_matrix" : 
		[
			913.65680099258282,
			0.0,
			0.0,
			0.0,
			913.65680099258282,
			0.0,
			959.5,
			527.0,
			1.0
		],
		"width" : 1920
	},
	"version_major" : 1,
	"version_minor" : 0
}