{
    "cam0_K": [
        [
            1143.5629058671955,
            0.0,
            897.4701399737154
        ],
        [
            0.0,
            1146.6229630039772,
            571.4789156478826
        ],
        [
            0.0,
            0.0,
            1.0
        ]
    ],
    "cam0_dist": [
        [
            -0.20212810339004855,
            0.016856910836021612,
            -0.00038445457626206384,
            0.0029733591935219177,
            0.028772663897866188
        ]
    ],
    "cam1_K": [
        [
            1390.5311354774792,
            0.0,
            941.6657612837951
        ],
        [
            0.0,
            1396.1775075864095,
            564.5650596969682
        ],
        [
            0.0,
            0.0,
            1.0
        ]
    ],
    "cam1_dist": [
        [
            -0.37112152866840364,
            0.3342635457860893,
            0.00089837167379825,
            -0.00047573092618939504,
            -0.2159938879592358
        ]
    ]
}